"Gen";"GeneSynonym";"Note";"AccessionID";"CDS_Start";"CDS_End";"Location";"LoopPattern";"TerminalPair";"N-2";"N-1";"N2";"N5";"N6";"N7";"N8";"Loop";"StemLoopSequence";"Additional5Seq";"Additional3Seq";"PredictedStructure";"ViennaBracketStr";"Pairments";"WooblePairs";"Bulges";"InternalLoops";"SequenceLength";"StartsAt";"EndsAt";"A_PercentSequence";"C_PercentSequence";"G_PercentSequence";"U_PercentSequence";"AU_PercentPairs";"CG_PercentPairs";"GU_PercentPairs";"PurinePercentPairs";"RnaFoldMFE";"RelativePosition";"Sense";"AdditionalSeqMatches";"AdditionalSeqPositions"
"CG10565";"Dmel\CG10565";"null";"NM_141027";"176";"2116";"CDS";"CNGGNN";"CG";"U";"C";"A";"A";"C";" ";" ";"CAGGAC";"GAGGAAGUCAUCCAGGACGAUGAUUACUUC";"C";"A";"(({(.({(((((......)))))}).)}))";"((((.(((((((......))))))).))))";"11";"2";"0";"1";"2237";"520";"550";"0,279";"0,251";"0,284";"0,185";"0,455";"0,364";"0,182";"0,567";"-13,83000";"0,232";"+";"0"
"CG10565";"Dmel\CG10565";"null";"NM_001259927";"477";"2417";"CDS";"CNGGNN";"CG";"U";"C";"A";"A";"C";" ";" ";"CAGGAC";"GAGGAAGUCAUCCAGGACGAUGAUUACUUC";"C";"A";"(({(.({(((((......)))))}).)}))";"((((.(((((((......))))))).))))";"11";"2";"0";"1";"2538";"821";"851";"0,286";"0,242";"0,273";"0,200";"0,455";"0,364";"0,182";"0,567";"-13,83000";"0,323";"+";"0"
"RpL13A";"anon-EST:fe1A5, anon-EST:Posey125, bs25f04.y1, cg1475, CG1475, chr3R:1451210..1451407, Dmel\CG1475, L13A, L13a2, M(3)83B, Rp L13A";"Ribosomal protein L13A";"NM_001275362";"27";"332";"3'UTR";"CNGGNN";"CG";"G";"C";"A";"C";"C";" ";" ";"CAGGCC";"AGACCAAGCGUGGCCAGGCCGCCCUCGCCCGUCU";"A";"A";"((((...(((.(((......)))..)))..))))";"((((...(((.(((......)))..)))..))))";"10";"0";"0";"2";"903";"484";"518";"0,240";"0,299";"0,248";"0,213";"0,200";"0,800";"0,000";"0,441";"-13,91000";"0,536";"+";"0"
"Rm62";"4136, CG10279, Dmel\CG10279, dmP68, Dmp68, DmRH8, l(3)01086, l(3)j3D2, l(3)j3D5, l(3)rG338, l(3)s5196, Lip, p68, rm62, RM62";"null";"NM_169119";"692";"2428";"5'UTR";"CNGGNN";"UA";"U";"U";"G";"A";"A";" ";" ";"CGGGAA";"UUGAAGCUAAGUCUUCGGGAAAAUGCUUAAGCUUG";"A";"U";"{..(((((((({.((......)).}))).)))))}";"(..(((((((((.((......)).)))).))))))";"12";"2";"2";"1";"3160";"81";"116";"0,268";"0,261";"0,264";"0,206";"0,583";"0,250";"0,167";"0,543";"-9,04000";"0,026";"+";"0"
"Rm62";"4136, CG10279, Dmel\CG10279, dmP68, Dmp68, DmRH8, l(3)01086, l(3)j3D2, l(3)j3D5, l(3)rG338, l(3)s5196, Lip, p68, rm62, RM62";"null";"NM_001202253";"680";"2416";"5'UTR";"CNGGNN";"UA";"U";"U";"G";"A";"A";" ";" ";"CGGGAA";"UUGAAGCUAAGUCUUCGGGAAAAUGCUUAAGCUUG";"A";"U";"{..(((((((({.((......)).}))).)))))}";"(..(((((((((.((......)).)))).))))))";"12";"2";"2";"1";"3153";"81";"116";"0,269";"0,263";"0,265";"0,204";"0,583";"0,250";"0,167";"0,543";"-9,04000";"0,026";"+";"0"
"eIF3a";"anon-WO0118547.261, CG9805, Dmel\CG9805, eIF3-s10, eIF3-S10, EIF3-S10, MMAP140";"eukaryotic translation initiation factor 3 subunit a, Annotated by Drosophila Heterochromatin Genome Project, Lawrence Berkeley National Lab, http://www.dhgp.org";"NM_141213";"149";"3571";"CDS";"CNGGN";"AU";"C";"A";"A";"C";" ";" ";" ";"CAGGC";"UUGGCACAGGCUGCCGA";"C";"A";"({((((.....))))})";"((((((.....))))))";"6";"1";"0";"0";"3773";"2623";"2640";"0,259";"0,261";"0,288";"0,192";"0,333";"0,500";"0,167";"0,529";"-7,35000";"0,695";"+";"0"
"eIF3a";"anon-WO0118547.261, CG9805, Dmel\CG9805, eIF3-s10, eIF3-S10, EIF3-S10, MMAP140";"eukaryotic translation initiation factor 3 subunit a, Annotated by Drosophila Heterochromatin Genome Project, Lawrence Berkeley National Lab, http://www.dhgp.org";"NM_141213";"149";"3571";"CDS";"CNGGNNN";"GC";"C";"G";"U";"A";"C";"A";" ";"CUGGACA";"GGCGCUGGACACGCU";"G";"G";"{(((.......)))}";"((((.......))))";"4";"1";"0";"0";"3773";"225";"240";"0,259";"0,261";"0,288";"0,192";"0,000";"0,750";"0,250";"0,533";"-4,05000";"0,060";"+";"0"
"eIF3a";"anon-WO0118547.261, CG9805, Dmel\CG9805, eIF3-s10, eIF3-S10, EIF3-S10, MMAP140";"eukaryotic translation initiation factor 3 subunit a, Annotated by Drosophila Heterochromatin Genome Project, Lawrence Berkeley National Lab, http://www.dhgp.org";"NM_168999";"149";"3571";"CDS";"CNGGN";"AU";"C";"A";"A";"C";" ";" ";" ";"CAGGC";"UUGGCACAGGCUGCCGA";"C";"A";"({((((.....))))})";"((((((.....))))))";"6";"1";"0";"0";"3892";"2623";"2640";"0,264";"0,256";"0,285";"0,196";"0,333";"0,500";"0,167";"0,529";"-7,35000";"0,674";"+";"0"
"eIF3a";"anon-WO0118547.261, CG9805, Dmel\CG9805, eIF3-s10, eIF3-S10, EIF3-S10, MMAP140";"eukaryotic translation initiation factor 3 subunit a, Annotated by Drosophila Heterochromatin Genome Project, Lawrence Berkeley National Lab, http://www.dhgp.org";"NM_168999";"149";"3571";"CDS";"CNGGNNN";"GC";"C";"G";"U";"A";"C";"A";" ";"CUGGACA";"GGCGCUGGACACGCU";"G";"G";"{(((.......)))}";"((((.......))))";"4";"1";"0";"0";"3892";"225";"240";"0,264";"0,256";"0,285";"0,196";"0,000";"0,750";"0,250";"0,533";"-4,05000";"0,058";"+";"0"
"x16";"2/30, 9G8, anon-WO0118547.78, CG10203, d9G8, Dmel\CG10203, dx16, Dx16, dxl6, Dxl6, l(2)k00230, RBP1-like, TN166, X16, X16/9G8, xl6, Xl6, XL6";"x16 splicing factor";"NM_001273239";"269";"1042";"5'UTR";"CNGGNN";"CG";"C";"C";"A";"A";"A";" ";" ";"CAGGAA";"CCGACCAAAGUGCCCAGGAAGGCGGUGG";"A";"C";"((.(((.....(((......))))))))";"((.(((.....(((......))))))))";"8";"0";"2";"0";"1784";"157";"185";"0,258";"0,234";"0,277";"0,231";"0,125";"0,875";"0,000";"0,643";"-8,67000";"0,088";"+";"0"
"Hrb27C";"10280, CG10377, Dmel\CG10377, hnRNP27C, hnRNP48, hrb27, Hrb27-C, hrb27c, hrb27C, Hrb27c, HRB27C, Hrb27C/Hrp48, Hrb48, hrp48, Hrp48, HRP48, Hrp48/Hrb27C, l(2)02647, l(2)10280, l(2)2647, linha, Ov5, p50, Rbp7, rrm7, RRM7";"Heterogeneous nuclear ribonucleoprotein at 27C";"NM_164720";"379";"1644";"3'UTR";"CNGGNNN";"AU";"C";"A";"U";"A";"A";"U";" ";"CUGGAAU";"CGCACUGGAAUUGCG";"U";"U";"((((.......))))";"((((.......))))";"4";"0";"0";"0";"5830";"5453";"5468";"0,351";"0,191";"0,203";"0,255";"0,250";"0,750";"0,000";"0,533";"-3,71000";"0,935";"+";"0"
"Ndf";"BEST:GH19401, BEST:LD22483, BEST:LD29743, CG4747, Dmel\CG4747, Dm_AI388468, dNDF, LD29743, NDF";"Nucleosome-destabilizing factor";"NM_001298862";"216";"2024";"CDS";"CNGGN";"UA";"G";"U";"U";"A";" ";" ";" ";"CUGGA";"UCACAAGGUUGUGGUCUGGAACCGCACCAUUGA";"G";"C";"(((...(((.({(((.....)))}))))..)))";"(((...(((.(((((.....))))))))..)))";"11";"1";"3";"0";"2119";"1228";"1261";"0,263";"0,260";"0,270";"0,207";"0,364";"0,545";"0,091";"0,515";"-13,04000";"0,580";"+";"0"
"Ndf";"BEST:GH19401, BEST:LD22483, BEST:LD29743, CG4747, Dmel\CG4747, Dm_AI388468, dNDF, LD29743, NDF";"Nucleosome-destabilizing factor";"NM_001298862";"216";"2024";"CDS";"CNGGNNNN";"UA";"A";"U";"C";"A";"C";"A";"C";"CCGGACAC";"AUGUCUACAAUUGAUCCGGACACAUCGUUGGACAU";"A";"U";"((((({(....{(((........)))}.)})))))";"(((((((....((((........)))).)))))))";"11";"2";"0";"1";"2119";"1439";"1474";"0,263";"0,260";"0,270";"0,207";"0,545";"0,273";"0,182";"0,486";"-7,65000";"0,679";"+";"0"
"Tpr2";"BEST:LD24941, CG4599, Dmel\CG4599, dtpr2, dTpr2, dTPR2, dtrpr2, EU3220, Tpr-2, tpr2, TPR2, Trp2";"Tetratricopeptide repeat protein 2";"NM_165164";"376";"1770";"CDS";"CNGG";"UA";"G";"U";"C";" ";" ";" ";" ";"CCGG";"AUCGCUGUGUCCGGACUCGGCGGCAUACU";"U";"A";"({((({(.((....)).)})))}.....)";"(((((((.((....)).)))))).....)";"9";"2";"1";"1";"2103";"470";"499";"0,296";"0,228";"0,245";"0,232";"0,222";"0,556";"0,222";"0,448";"-10,22000";"0,223";"+";"0"
"CaBP1";"AAL28897, BG:DS09218.4, CaBp1, CG5809, DmCaBP1, Dmel\CG5809";"calcium-binding protein 1";"NM_135948";"184";"1485";"CDS";"CNGGN";"UA";"U";"U";"C";"C";" ";" ";" ";"CCGGC";"GUCUUCCGGCGGUUCCGGCAGCUCGUCCGGCGAU";"C";"G";"{((..((((((({(.....)}).)).)))).))}";"(((..(((((((((.....))).)).)))).)))";"12";"2";"4";"0";"1723";"617";"651";"0,254";"0,252";"0,275";"0,220";"0,167";"0,667";"0,167";"0,412";"-11,96000";"0,358";"+";"0"
"CaBP1";"AAL28897, BG:DS09218.4, CaBp1, CG5809, DmCaBP1, Dmel\CG5809";"calcium-binding protein 1";"NM_001299050";"184";"1485";"CDS";"CNGGN";"UA";"U";"U";"C";"C";" ";" ";" ";"CCGGC";"GUCUUCCGGCGGUUCCGGCAGCUCGUCCGGCGAU";"C";"G";"{((..((((((({(.....)}).)).)))).))}";"(((..(((((((((.....))).)).)))).)))";"12";"2";"4";"0";"1781";"617";"651";"0,253";"0,249";"0,276";"0,223";"0,167";"0,667";"0,167";"0,412";"-11,96000";"0,346";"+";"0"
"Tpr2";"BEST:LD24941, CG4599, Dmel\CG4599, dtpr2, dTpr2, dTPR2, dtrpr2, EU3220, Tpr-2, tpr2, TPR2, Trp2";"Tetratricopeptide repeat protein 2";"NM_001273573";"646";"2040";"CDS";"CNGG";"UA";"G";"U";"C";" ";" ";" ";" ";"CCGG";"AUCGCUGUGUCCGGACUCGGCGGCAUACU";"U";"A";"({((({(.((....)).)})))}.....)";"(((((((.((....)).)))))).....)";"9";"2";"1";"1";"2373";"740";"769";"0,301";"0,235";"0,246";"0,219";"0,222";"0,556";"0,222";"0,448";"-10,22000";"0,312";"+";"0"
"cact";"5848, BG:DS02740.15, cac, Cact, CACT, Cactus, CG5848, dip6, Dmel\CG5848, fs(2)ltoRN48, Ikappa, n(2)k17003, NFkappabeta1A";"cactus";"NM_057595";"160";"1608";"3'UTR";"CNGGNN";"AU";"A";"A";"U";"U";"A";" ";" ";"CUGGUA";"CCAGCUGAACUGGUAUUCAGCGAG";"C";"A";"(..((((((......))))))..)";"(..((((((......))))))..)";"7";"0";"0";"1";"2356";"1726";"1750";"0,311";"0,250";"0,233";"0,205";"0,429";"0,571";"0,000";"0,542";"-9,21000";"0,733";"+";"0"
"Tpr2";"BEST:LD24941, CG4599, Dmel\CG4599, dtpr2, dTpr2, dTPR2, dtrpr2, EU3220, Tpr-2, tpr2, TPR2, Trp2";"Tetratricopeptide repeat protein 2";"NM_001273572";"373";"1899";"CDS";"CNGG";"UA";"G";"U";"C";" ";" ";" ";" ";"CCGG";"AUCGCUGUGUCCGGACUCGGCGGCAUACU";"U";"A";"({((({(.((....)).)})))}.....)";"(((((((.((....)).)))))).....)";"9";"2";"1";"1";"2503";"599";"628";"0,303";"0,223";"0,241";"0,233";"0,222";"0,556";"0,222";"0,448";"-10,22000";"0,239";"+";"0"
"mAcon1";"acon, Acon, ACON-1, aconitase, AconM, BEST:GH10550, CG9244, Dmel\CG9244, hsp60, i204, i59, l(2)07054, m-acon, m-Acon, M-Acon, mAc, mAcon, mACON";"Mitochondrial aconitase 1";"NM_001299190";"203";"2566";"CDS";"CNGG";"AU";"C";"A";"C";" ";" ";" ";" ";"CCGG";"UCAAGGGAGGCACCGGUGCCAUCAUUGA";"G";"G";"((((.({.((((....)))).}).))))";"((((.((.((((....)))).)).))))";"10";"1";"0";"2";"3102";"992";"1020";"0,249";"0,269";"0,246";"0,236";"0,400";"0,500";"0,100";"0,571";"-11,10000";"0,320";"+";"0"
"TMEM216";"CG8116, Dmel\CG8116, EP(3)3246, GH04517";"Transmembrane protein 216";"NM_001170083";"551";"961";"5'UTR";"CNGGNNNNN";"GC";"A";"G";"A";"U";"A";"U";"C";"CAGGUAUCA";"GCAGUGGAAGAGCAGGUAUCACUCACCACGU";"A";"A";"{(.((((..(((.........))).)))))}";"((.((((..(((.........))).))))))";"9";"1";"1";"1";"1826";"314";"345";"0,307";"0,255";"0,215";"0,223";"0,222";"0,667";"0,111";"0,581";"-8,01000";"0,172";"+";"0"
"alphaTub84D";"3t, 84D, ALPHA 84D, alpha-tub, alpha-Tub, alpha-tub84D, alpha-Tub84D, alpha-tubulin, alpha3, alpha3t, alpha84D, alphaTub, alphaTUB, alphaTub3, alphaTub84, alphaTUB84D, aTub84D, CG2512, D.m.ALPHA-84D, Dmel\CG2512, DTA4, T, Tub, Tub1A";"alpha-Tubulin at 84D";"NM_079540";"507";"1859";"CDS";"CNGGN";"AU";"G";"A";"A";"A";" ";" ";" ";"CAGGA";"GCUGGACAGGAUCCGC";"U";"A";"((.(((.....)))))";"((.(((.....)))))";"5";"0";"1";"0";"1980";"859";"875";"0,243";"0,286";"0,254";"0,217";"0,200";"0,800";"0,000";"0,562";"-4,31000";"0,434";"+";"0"
"mAcon1";"acon, Acon, ACON-1, aconitase, AconM, BEST:GH10550, CG9244, Dmel\CG9244, hsp60, i204, i59, l(2)07054, m-acon, m-Acon, M-Acon, mAc, mAcon, mACON";"Mitochondrial aconitase 1";"NM_001103716";"122";"2485";"CDS";"CNGG";"AU";"C";"A";"C";" ";" ";" ";" ";"CCGG";"UCAAGGGAGGCACCGGUGCCAUCAUUGA";"G";"G";"((((.({.((((....)))).}).))))";"((((.((.((((....)))).)).))))";"10";"1";"0";"2";"3022";"911";"939";"0,249";"0,270";"0,244";"0,237";"0,400";"0,500";"0,100";"0,571";"-11,10000";"0,301";"+";"0"
"mAcon1";"acon, Acon, ACON-1, aconitase, AconM, BEST:GH10550, CG9244, Dmel\CG9244, hsp60, i204, i59, l(2)07054, m-acon, m-Acon, M-Acon, mAc, mAcon, mACON";"Mitochondrial aconitase 1";"NM_001103716";"122";"2485";"CDS";"CNGGN";"GC";"C";"G";"C";"U";" ";" ";" ";"CCGGU";"GUCCAUCGCCGGUCGUCUGGAC";"U";"U";"(((((.((.....))..)))))";"(((((.((.....))..)))))";"7";"0";"0";"1";"3022";"1641";"1663";"0,249";"0,270";"0,244";"0,237";"0,286";"0,714";"0,000";"0,409";"-8,05000";"0,543";"+";"0"
"mAcon1";"acon, Acon, ACON-1, aconitase, AconM, BEST:GH10550, CG9244, Dmel\CG9244, hsp60, i204, i59, l(2)07054, m-acon, m-Acon, M-Acon, mAc, mAcon, mACON";"Mitochondrial aconitase 1";"NM_079969";"122";"2485";"CDS";"CNGG";"AU";"C";"A";"C";" ";" ";" ";" ";"CCGG";"UCAAGGGAGGCACCGGUGCCAUCAUUGA";"G";"G";"((((.({.((((....)))).}).))))";"((((.((.((((....)))).)).))))";"10";"1";"0";"2";"2732";"911";"939";"0,238";"0,280";"0,257";"0,225";"0,400";"0,500";"0,100";"0,571";"-11,10000";"0,333";"+";"0"
"mAcon1";"acon, Acon, ACON-1, aconitase, AconM, BEST:GH10550, CG9244, Dmel\CG9244, hsp60, i204, i59, l(2)07054, m-acon, m-Acon, M-Acon, mAc, mAcon, mACON";"Mitochondrial aconitase 1";"NM_079969";"122";"2485";"CDS";"CNGGN";"GC";"C";"G";"C";"U";" ";" ";" ";"CCGGU";"GUCCAUCGCCGGUCGUCUGGAC";"U";"U";"(((((.((.....))..)))))";"(((((.((.....))..)))))";"7";"0";"0";"1";"2732";"1641";"1663";"0,238";"0,280";"0,257";"0,225";"0,286";"0,714";"0,000";"0,409";"-8,05000";"0,601";"+";"0"
"mAcon1";"acon, Acon, ACON-1, aconitase, AconM, BEST:GH10550, CG9244, Dmel\CG9244, hsp60, i204, i59, l(2)07054, m-acon, m-Acon, M-Acon, mAc, mAcon, mACON";"Mitochondrial aconitase 1";"NM_001169559";"122";"2485";"CDS";"CNGG";"AU";"C";"A";"C";" ";" ";" ";" ";"CCGG";"UCAAGGGAGGCACCGGUGCCAUCAUUGA";"G";"G";"((((.({.((((....)))).}).))))";"((((.((.((((....)))).)).))))";"10";"1";"0";"2";"2854";"911";"939";"0,239";"0,275";"0,253";"0,233";"0,400";"0,500";"0,100";"0,571";"-11,10000";"0,319";"+";"0"
"mAcon1";"acon, Acon, ACON-1, aconitase, AconM, BEST:GH10550, CG9244, Dmel\CG9244, hsp60, i204, i59, l(2)07054, m-acon, m-Acon, M-Acon, mAc, mAcon, mACON";"Mitochondrial aconitase 1";"NM_001169559";"122";"2485";"CDS";"CNGGN";"GC";"C";"G";"C";"U";" ";" ";" ";"CCGGU";"GUCCAUCGCCGGUCGUCUGGAC";"U";"U";"(((((.((.....))..)))))";"(((((.((.....))..)))))";"7";"0";"0";"1";"2854";"1641";"1663";"0,239";"0,275";"0,253";"0,233";"0,286";"0,714";"0,000";"0,409";"-8,05000";"0,575";"+";"0"
"Pp1-87B";"87B, CG5650, ck19, Dmel\CG5650, DmPp1-87B, dPP1beta, l(3)87Bg, l(3)ck19, l(3)j6E7, Pp-1alpha, PP-1alpha, Pp1, PP1, PP1 87B, PP1 beta87b, pp1-87, pp1-87B, PP1-87B, Pp1-87Bb, pp187B, PP187B, PP1a, PP1A87B, Pp1alpha-87B, PP1alpha-87B, PP1alpha87B, PP1alpha[[2]], PP1B, PP1c, PP1c 87B, PPI 87B, Ppl-87B, Su(var)(3)6, Su(var)3-6, Su(Var)3-6, su-var(3)6, Su-var(3)6, Suvar(3)6";"Protein phosphatase 1 at 87B";"NM_080198";"230";"1138";"CDS";"CNGGNNN";"GC";"C";"G";"U";"A";"G";"A";" ";"CUGGAGA";"GCGGCAAGCAAUCGCUGGAGACGAUCUGCCUGCUGC";"C";"U";"(({(((.(((((((.......)))).))).)))}))";"((((((.(((((((.......)))).))).))))))";"13";"1";"3";"0";"2203";"509";"545";"0,300";"0,255";"0,218";"0,227";"0,308";"0,615";"0,077";"0,528";"-19,87000";"0,231";"+";"0"
"CG4570";"Dmel\CG4570";"null";"NM_141770";"212";"1039";"CDS";"CNGG";"CG";"G";"C";"U";" ";" ";" ";" ";"CUGG";"GGAGGUUGGCCUGGGCCACCGCC";"A";"C";"((.(((.(((....)))))).))";"((.(((.(((....)))))).))";"8";"0";"3";"0";"1260";"671";"694";"0,277";"0,238";"0,270";"0,215";"0,125";"0,875";"0,000";"0,522";"-12,86000";"0,533";"+";"0"
"Droj2";"anon-WO0118547.404, CG8863, Dmel\CG8863, DnaJL2A, DROJ2, Hsp40";"DnaJ-like-2";"NM_142026";"169";"1380";"CDS";"CNGG";"UA";"A";"U";"A";" ";" ";" ";" ";"CAGG";"GACGAUGGCGGCUAUCAGGAUGGCCCACGCGUC";"G";"C";"((((.{(..((({((....))})))..)}))))";"((((.((..((((((....))))))..))))))";"12";"2";"1";"1";"1883";"1326";"1359";"0,286";"0,234";"0,270";"0,210";"0,250";"0,583";"0,167";"0,545";"-16,24000";"0,704";"+";"0"
"Droj2";"anon-WO0118547.404, CG8863, Dmel\CG8863, DnaJL2A, DROJ2, Hsp40";"DnaJ-like-2";"NM_169521";"146";"1357";"CDS";"CNGG";"UA";"A";"U";"A";" ";" ";" ";" ";"CAGG";"GACGAUGGCGGCUAUCAGGAUGGCCCACGCGUC";"G";"C";"((((.{(..((({((....))})))..)}))))";"((((.((..((((((....))))))..))))))";"12";"2";"1";"1";"1860";"1303";"1336";"0,286";"0,239";"0,262";"0,213";"0,250";"0,583";"0,167";"0,545";"-16,24000";"0,701";"+";"0"
"Droj2";"anon-WO0118547.404, CG8863, Dmel\CG8863, DnaJL2A, DROJ2, Hsp40";"DnaJ-like-2";"NM_169520";"96";"1307";"CDS";"CNGG";"UA";"A";"U";"A";" ";" ";" ";" ";"CAGG";"GACGAUGGCGGCUAUCAGGAUGGCCCACGCGUC";"G";"C";"((((.{(..((({((....))})))..)}))))";"((((.((..((((((....))))))..))))))";"12";"2";"1";"1";"1810";"1253";"1286";"0,287";"0,235";"0,266";"0,212";"0,250";"0,583";"0,167";"0,545";"-16,24000";"0,692";"+";"0"
"Droj2";"anon-WO0118547.404, CG8863, Dmel\CG8863, DnaJL2A, DROJ2, Hsp40";"DnaJ-like-2";"NM_169522";"110";"1321";"CDS";"CNGG";"UA";"A";"U";"A";" ";" ";" ";" ";"CAGG";"GACGAUGGCGGCUAUCAGGAUGGCCCACGCGUC";"G";"C";"((((.{(..((({((....))})))..)}))))";"((((.((..((((((....))))))..))))))";"12";"2";"1";"1";"1824";"1267";"1300";"0,283";"0,238";"0,272";"0,207";"0,250";"0,583";"0,167";"0,545";"-16,24000";"0,695";"+";"0"
"Droj2";"anon-WO0118547.404, CG8863, Dmel\CG8863, DnaJL2A, DROJ2, Hsp40";"DnaJ-like-2";"NM_169519";"307";"1518";"CDS";"CNGG";"UA";"A";"U";"A";" ";" ";" ";" ";"CAGG";"GACGAUGGCGGCUAUCAGGAUGGCCCACGCGUC";"G";"C";"((((.{(..((({((....))})))..)}))))";"((((.((..((((((....))))))..))))))";"12";"2";"1";"1";"2021";"1464";"1497";"0,289";"0,233";"0,270";"0,209";"0,250";"0,583";"0,167";"0,545";"-16,24000";"0,724";"+";"0"
"Rpt2";"5289, CG5289, Dm-S4-1, Dmel\CG5289, DmP26S4, Dm_Rpt2, dRpt2, P26s4, p56, pros26.4, Pros26.4, PSMC1, S4";"Regulatory particle triple-A ATPase 2";"NM_079745";"109";"1428";"CDS";"CNGGN";"CG";"U";"C";"A";"A";" ";" ";" ";"CAGGA";"ACACUCAGAUCCAGGAGAUCAAGGAGUCUGU";"G";"U";"((((((.((((.....))))...))))..))";"((((((.((((.....))))...))))..))";"10";"0";"1";"1";"1501";"676";"707";"0,273";"0,267";"0,274";"0,186";"0,500";"0,500";"0,000";"0,581";"-8,51000";"0,450";"+";"0"
"Rpt2";"5289, CG5289, Dm-S4-1, Dmel\CG5289, DmP26S4, Dm_Rpt2, dRpt2, P26s4, p56, pros26.4, Pros26.4, PSMC1, S4";"Regulatory particle triple-A ATPase 2";"NM_001300564";"233";"1552";"CDS";"CNGGN";"CG";"U";"C";"A";"A";" ";" ";" ";"CAGGA";"ACACUCAGAUCCAGGAGAUCAAGGAGUCUGU";"G";"U";"((((((.((((.....))))...))))..))";"((((((.((((.....))))...))))..))";"10";"0";"1";"1";"1625";"800";"831";"0,270";"0,259";"0,262";"0,209";"0,500";"0,500";"0,000";"0,581";"-8,51000";"0,492";"+";"0"
"Rox8";"CG5422, Dmel\CG5422, DmTIAR, dTIAR, Rbp12, Rox-8, rox8, ROX8, rrm12, RRM12, TIAR";"null";"NM_001275969";"1050";"2462";"CDS";"CNGGNNN";"GC";"G";"G";"U";"A";"U";"A";" ";"CUGGAUA";"CAGCGGCUGGAUACCGCAUG";"U";"G";"((((((.......)))).))";"((((((.......)))).))";"6";"0";"1";"0";"3370";"2295";"2315";"0,309";"0,245";"0,244";"0,201";"0,167";"0,833";"0,000";"0,550";"-7,55000";"0,681";"+";"0"
"TfIIA-L";"CG5930, CT18631, Dmel\CG5930, dTFIIA, TFIIA, tfiia-l, TFIIA-L, TFIIAL";"Transcription factor IIA L";"NM_057647";"173";"1273";"CDS";"CNGGNN";"CG";"U";"C";"U";"A";"C";" ";" ";"CUGGAC";"GACGCGUUCCUGGACGAGGGCGUC";"G";"G";"(((((.{((......))}.)))))";"(((((.(((......))).)))))";"8";"1";"0";"1";"1595";"244";"268";"0,271";"0,279";"0,261";"0,189";"0,250";"0,625";"0,125";"0,542";"-14,25000";"0,153";"+";"0"
"TfIIA-L";"CG5930, CT18631, Dmel\CG5930, dTFIIA, TFIIA, tfiia-l, TFIIA-L, TFIIAL";"Transcription factor IIA L";"NM_057648";"173";"1264";"CDS";"CNGGNN";"CG";"U";"C";"U";"A";"C";" ";" ";"CUGGAC";"GACGCGUUCCUGGACGAGGGCGUC";"G";"G";"(((((.{((......))}.)))))";"(((((.(((......))).)))))";"8";"1";"0";"1";"1586";"244";"268";"0,270";"0,279";"0,261";"0,190";"0,250";"0,625";"0,125";"0,542";"-14,25000";"0,154";"+";"0"
"woc";"CG5965, Dmel\CG5965, Woc, WOC";"without children";"NM_001260397";"106";"2244";"CDS";"CNGG";"GC";"C";"G";"A";" ";" ";" ";" ";"CAGG";"AUCCACCGCAGGCGGGUCUGGAU";"U";"G";"((((((((....)))...)))))";"((((((((....)))...)))))";"8";"0";"1";"0";"2496";"1948";"1971";"0,254";"0,273";"0,267";"0,206";"0,375";"0,625";"0,000";"0,522";"-8,01000";"0,780";"+";"0"
"woc";"CG5965, Dmel\CG5965, Woc, WOC";"without children";"NM_001104476";"339";"5450";"CDS";"CNGG";"CG";"G";"C";"A";" ";" ";" ";" ";"CAGG";"CCGCCAGGGCGG";"U";"U";"((((....))))";"((((....))))";"4";"0";"0";"0";"6161";"3057";"3069";"0,265";"0,261";"0,286";"0,187";"0,000";"1,000";"0,000";"0,583";"-6,35000";"0,496";"+";"0"
"woc";"CG5965, Dmel\CG5965, Woc, WOC";"without children";"NM_001276081";"339";"5447";"CDS";"CNGG";"CG";"G";"C";"A";" ";" ";" ";" ";"CAGG";"CCGCCAGGGCGG";"U";"U";"((((....))))";"((((....))))";"4";"0";"0";"0";"6158";"3054";"3066";"0,265";"0,261";"0,286";"0,187";"0,000";"1,000";"0,000";"0,583";"-6,35000";"0,496";"+";"0"
"woc";"CG5965, Dmel\CG5965, Woc, WOC";"without children";"NM_080147";"381";"5447";"CDS";"CNGG";"CG";"G";"C";"A";" ";" ";" ";" ";"CAGG";"CCGCCAGGGCGG";"U";"U";"((((....))))";"((((....))))";"4";"0";"0";"0";"6158";"3054";"3066";"0,266";"0,262";"0,286";"0,186";"0,000";"1,000";"0,000";"0,583";"-6,35000";"0,496";"+";"0"
"woc";"CG5965, Dmel\CG5965, Woc, WOC";"without children";"NM_001276081";"339";"5447";"CDS";"CNGGNN";"AU";"A";"A";"A";"C";"A";" ";" ";"CAGGCA";"GCAACAGGCAUUGC";"G";"A";"((((......))))";"((((......))))";"4";"0";"0";"0";"6158";"1463";"1477";"0,265";"0,261";"0,286";"0,187";"0,500";"0,500";"0,000";"0,571";"-3,27000";"0,238";"+";"0"
"Nph";"CG7911, Dmel\CG7911";"Nucleophosmin";"NM_001104505";"97";"567";"CDS";"CNGGNNNNN";"AU";"G";"A";"C";"C";"G";"A";"A";"CCGGCGAAU";"CCCAGAAGCGAAGACCGGCGAAUUCAACGUUGUACAGG";"G";"C";"((....({((..((.........))..))}).....))";"((....((((..((.........))..)))).....))";"8";"1";"0";"2";"656";"227";"265";"0,320";"0,227";"0,250";"0,203";"0,250";"0,625";"0,125";"0,605";"-4,57000";"0,346";"+";"0"
"Noa36";"CG10009, Dmel\CG10009, NOA 36, noa36, NOA36";"null";"NM_143365";"68";"1015";"CDS";"CNGGNN";"UG";"G";"U";"U";"G";"A";" ";" ";"CUGGGA";"UGCGAACGCGGUGUCUGGGAGCACGGUGGGCGCA";"G";"U";"((((..({(.((({......}))).)})..))))";"((((..(((.((((......)))).)))..))))";"11";"2";"0";"2";"1138";"454";"488";"0,267";"0,244";"0,292";"0,197";"0,182";"0,636";"0,182";"0,618";"-20,97000";"0,399";"+";"0"
"PCNA";"53/13, CG9193, Dmel\CG9193, DmPCNA, DmPCNA1, dPCNA, l(2)02448, l(2)56F, l(2)56Fa, l(2)s1534, mus 209, mus209, Mus209, MUS209, pcna, Pcna, PCNA/mus209";"Proliferating cell nuclear antigen";"NM_057557";"163";"945";"CDS";"CNGGNNNN";"GC";"C";"G";"A";"A";"U";"A";"A";"CAGGAUAA";"UGACGAUGAAGGCGCAGGAUAACGCCGACACUGUCA";"G";"C";"(((({.((..((((........))))..)).}))))";"(((((.((..((((........))))..)).)))))";"11";"1";"0";"2";"1070";"424";"460";"0,255";"0,277";"0,239";"0,229";"0,273";"0,636";"0,091";"0,611";"-17,03000";"0,396";"+";"0"
"PCNA";"53/13, CG9193, Dmel\CG9193, DmPCNA, DmPCNA1, dPCNA, l(2)02448, l(2)56F, l(2)56Fa, l(2)s1534, mus 209, mus209, Mus209, MUS209, pcna, Pcna, PCNA/mus209";"Proliferating cell nuclear antigen";"NM_206182";"90";"872";"CDS";"CNGGNNNN";"GC";"C";"G";"A";"A";"U";"A";"A";"CAGGAUAA";"UGACGAUGAAGGCGCAGGAUAACGCCGACACUGUCA";"G";"C";"(((({.((..((((........))))..)).}))))";"(((((.((..((((........))))..)).)))))";"11";"1";"0";"2";"997";"351";"387";"0,250";"0,275";"0,247";"0,229";"0,273";"0,636";"0,091";"0,611";"-17,03000";"0,352";"+";"0"
"LysRS";"Aats-lys, CG12141, Dmel\CG12141, KRS";"Lysyl-tRNA synthetase";"NM_001201642";"227";"2050";"CDS";"CNGGNNNNN";"CG";"C";"C";"U";"A";"G";"U";"A";"CUGGAGUAC";"GUCCCUGGAGUACGGAC";"C";"U";"((((.........))))";"((((.........))))";"4";"0";"0";"0";"2160";"1878";"1895";"0,235";"0,283";"0,275";"0,207";"0,250";"0,750";"0,000";"0,529";"-4,78000";"0,869";"+";"0"
"RpS23";"anon-EST:Posey158, anon-EST:Posey63, CG8415, CT24703, Dmel\CG8415, Rp S23, RPS23";"Ribosomal protein S23";"NM_137095";"95";"526";"CDS";"CNGGNN";"CG";"G";"C";"A";"A";"A";" ";" ";"CAGGAA";"CACUGCCAGGAAGCAUGUG";"G";"A";"((((((......))).)))";"((((((......))).)))";"6";"0";"1";"0";"865";"117";"136";"0,273";"0,218";"0,230";"0,279";"0,333";"0,667";"0,000";"0,579";"-6,19000";"0,135";"+";"0"
"RpS23";"anon-EST:Posey158, anon-EST:Posey63, CG8415, CT24703, Dmel\CG8415, Rp S23, RPS23";"Ribosomal protein S23";"NM_001299481";"46";"477";"CDS";"CNGGNN";"CG";"G";"C";"A";"A";"A";" ";" ";"CAGGAA";"CACUGCCAGGAAGCAUGUG";"G";"A";"((((((......))).)))";"((((((......))).)))";"6";"0";"1";"0";"553";"68";"87";"0,262";"0,251";"0,273";"0,213";"0,333";"0,667";"0,000";"0,579";"-6,19000";"0,123";"+";"0"
"eIF3b";"cg4878, CG4878, Dmel\CG4878, eIF3 S9, eIF3-s9, eIF3-S9";"eukaryotic translation initiation factor 3 subunit b";"NM_137384";"128";"2200";"CDS";"CNGGNN";"CG";"A";"C";"U";"A";"C";" ";" ";"CUGGAC";"AGAAGGACCUGGACGUCAAGUUUCU";"A";"G";"(((({(((......)))...}))))";"((((((((......)))...)))))";"8";"1";"1";"0";"2481";"1361";"1386";"0,263";"0,263";"0,250";"0,224";"0,500";"0,375";"0,125";"0,560";"-4,09000";"0,549";"+";"0"
"eIF3b";"cg4878, CG4878, Dmel\CG4878, eIF3 S9, eIF3-s9, eIF3-S9";"eukaryotic translation initiation factor 3 subunit b";"NM_166239";"133";"2205";"CDS";"CNGGNN";"CG";"A";"C";"U";"A";"C";" ";" ";"CUGGAC";"AGAAGGACCUGGACGUCAAGUUUCU";"A";"G";"(((({(((......)))...}))))";"((((((((......)))...)))))";"8";"1";"1";"0";"2565";"1366";"1391";"0,257";"0,265";"0,250";"0,227";"0,500";"0,375";"0,125";"0,560";"-4,09000";"0,533";"+";"0"
"wal";"BcDNA.LD07532, BcDNA:GH09945, BcDNA:LD07532, CG8996, Dmel\CG8996, EP2253, Etf, ETF, ETFA, l(2)02516, P447";"walrus";"NM_165847";"77";"1069";"CDS";"CNGGNNNNN";"UA";"G";"U";"C";"A";"G";"A";"U";"CCGGAGAUA";"ACGGGGCCUGAAGUCCGGAGAUAACUUCAAGCUGCUGU";"G";"A";"(({({((.((((((.........)))))).))}.)}))";"(((((((.((((((.........)))))).))).))))";"13";"2";"1";"1";"1212";"741";"779";"0,234";"0,266";"0,267";"0,233";"0,385";"0,462";"0,154";"0,553";"-14,33000";"0,611";"+";"0"
"san";"atado, CG12352, DmAAF34715, Dmel\CG12352, dNaa50, Naa50, NAA50, San, span";"separation anxiety";"NM_080040";"120";"674";"CDS";"CNGG";"CG";"G";"C";"U";" ";" ";" ";" ";"CUGG";"GUACCGGCGCCUGGGCAUCGGCAC";"C";"A";"((.((({.((....)).}))).))";"((.((((.((....)).)))).))";"8";"1";"0";"2";"808";"364";"388";"0,302";"0,264";"0,218";"0,217";"0,125";"0,750";"0,125";"0,500";"-9,89000";"0,450";"+";"0"
"pnut";"anon-EST:Liang-2.18, CG8705, clone 2.18, Dmel\CG8705, dSEPT7, E(sina)44C, E(sina)8, l(2)02502, Peanut, Pnut, PNUT";"peanut";"NM_057716";"205";"1824";"CDS";"CNGG";"GC";"A";"G";"A";" ";" ";" ";" ";"CAGG";"GACAAGCAGCAGGCUGCGUC";"C";"G";"(((..((((....)))))))";"(((..((((....)))))))";"7";"0";"1";"0";"2445";"294";"314";"0,285";"0,261";"0,276";"0,178";"0,286";"0,714";"0,000";"0,600";"-7,74000";"0,120";"+";"0"
"CG46385";"anon-WO0118547.176, BEST:LD33067, CG1383, CG1557, CG30497, CG30947, CG45093, Dmel\CG46385, EP(2)2618, NEST:bs36c04";"null";"NM_001273862";"473";"2062";"5'UTR";"CNGGN";"GC";"U";"G";"G";"A";" ";" ";" ";"CGGGA";"CAGUUUACACUAGUGCGGGACACUAGACGGAGCCG";"U";"A";"(.({({...((((((.....))))))...})}).)";"(.((((...((((((.....))))))...)))).)";"11";"2";"0";"2";"5320";"405";"440";"0,319";"0,235";"0,212";"0,234";"0,364";"0,455";"0,182";"0,571";"-11,74000";"0,076";"+";"0"
"Lamp1";"CG3305, dLamp, dLAMP, Dmel\CG3305, Lamp, LAMP, Lamp-1, lamp1, LAMP1";"null";"NM_136267";"107";"1063";"CDS";"CNGGNNN";"UA";"U";"U";"U";"A";"A";"C";" ";"CUGGAAC";"UUAGUGAUUUGUUUCUGGAACAAGCAAACCCACUGA";"G";"C";"({((((.(((({((.......))}))))..))))})";"((((((.(((((((.......)))))))..))))))";"13";"2";"0";"1";"1583";"218";"254";"0,315";"0,191";"0,195";"0,299";"0,615";"0,231";"0,154";"0,500";"-10,75000";"0,138";"+";"0"
"GCS2alpha";"BcDNA:GH04962, CG14476, clot#312, Dmel\CG14476";"Glucosidase 2 alpha subunit";"NM_167759";"112";"2886";"CDS";"CNGGNN";"CG";"U";"C";"U";"C";"C";" ";" ";"CUGGCC";"GGGCUUUAUUCGUCCUGGCCGACGGAGUGGACCCC";"U";"G";"(((.({{({(((((......))).))})}}).)))";"(((.((((((((((......))).))))))).)))";"13";"3";"3";"0";"3129";"145";"180";"0,239";"0,274";"0,259";"0,228";"0,308";"0,462";"0,231";"0,457";"-16,58000";"0,046";"+";"0"
"GCS2alpha";"BcDNA:GH04962, CG14476, clot#312, Dmel\CG14476";"Glucosidase 2 alpha subunit";"NM_143888";"115";"2889";"CDS";"CNGGNN";"CG";"U";"C";"U";"C";"C";" ";" ";"CUGGCC";"GGGCUUUAUUCGUCCUGGCCGACGGAGUGGACCC";"U";"C";"(((({...({((((......))))})..}).)))";"(((((...((((((......))))))..)).)))";"11";"2";"1";"1";"3132";"148";"182";"0,239";"0,275";"0,259";"0,227";"0,182";"0,636";"0,182";"0,471";"-16,13000";"0,047";"+";"0"
"GCS2alpha";"BcDNA:GH04962, CG14476, clot#312, Dmel\CG14476";"Glucosidase 2 alpha subunit";"NM_167757";"211";"2985";"CDS";"CNGGNN";"CG";"U";"C";"U";"C";"C";" ";" ";"CUGGCC";"GGGCUUUAUUCGUCCUGGCCGACGGAGUGGACCCC";"U";"G";"(((.({{({(((((......))).))})}}).)))";"(((.((((((((((......))).))))))).)))";"13";"3";"3";"0";"3228";"244";"279";"0,241";"0,274";"0,259";"0,227";"0,308";"0,462";"0,231";"0,457";"-16,58000";"0,076";"+";"0"
"GCS2alpha";"BcDNA:GH04962, CG14476, clot#312, Dmel\CG14476";"Glucosidase 2 alpha subunit";"NM_167760";"247";"3021";"CDS";"CNGGNN";"CG";"U";"C";"U";"C";"C";" ";" ";"CUGGCC";"UUCGUCCUGGCCGACGGA";"A";"G";"({((((......))))})";"((((((......))))))";"6";"1";"0";"0";"3264";"288";"306";"0,237";"0,275";"0,259";"0,229";"0,333";"0,500";"0,167";"0,444";"-7,54000";"0,088";"+";"0"
"GCS2alpha";"BcDNA:GH04962, CG14476, clot#312, Dmel\CG14476";"Glucosidase 2 alpha subunit";"NM_167758";"137";"2911";"CDS";"CNGGNN";"CG";"U";"C";"U";"C";"C";" ";" ";"CUGGCC";"GGGCUUUAUUCGUCCUGGCCGACGGAGUGGACCCC";"U";"G";"(((.({{({(((((......))).))})}}).)))";"(((.((((((((((......))).))))))).)))";"13";"3";"3";"0";"3252";"170";"205";"0,246";"0,269";"0,255";"0,230";"0,308";"0,462";"0,231";"0,457";"-16,58000";"0,052";"+";"0"
"CG1677";"Dmel\CG1677";"null";"NM_167124";"725";"3727";"5'UTR";"CNGGNNN";"GC";"U";"G";"A";"A";"A";"C";" ";"CAGGAAC";"AAUGCAGGAACCGUU";"C";"A";"(({(.......)}))";"((((.......))))";"4";"1";"0";"0";"4077";"237";"252";"0,266";"0,261";"0,263";"0,209";"0,500";"0,250";"0,250";"0,600";"-0,00000";"0,058";"+";"0"
"eIF3i";"CG8882, Dmel\CG8882, DmTRIP, eIF-3beta, eIF3-S2, Trip1, TRIP1";"eukaryotic translation initiation factor 3 subunit i";"NM_078754";"83";"1063";"CDS";"CNGG";"CG";"A";"C";"A";" ";" ";" ";" ";"CAGG";"ACCUACGAUGGUCACCAGGGUGCGGUCUGGU";"C";"G";"(((...(({.(.(((....)))).})).)))";"(((...(((.(.(((....)))).))).)))";"10";"1";"5";"0";"1177";"220";"251";"0,242";"0,264";"0,268";"0,225";"0,300";"0,600";"0,100";"0,516";"-12,06000";"0,187";"+";"0"
"ref(2)P";"CG10360, Dmel\CG10360, dP62, p62, p62/Ref(2)P, p63, ref, ref(2)p, Ref(2)p, Ref(2)P, Ref(2)P/p62, ref(2)Pn, ref(2)Po2, Ref2, ref2p, Ref2p, Ref2P, SQSTM1";"refractory to sigma P";"NM_057352";"350";"2149";"CDS";"CNGG";"UA";"U";"U";"G";" ";" ";" ";" ";"CGGG";"GAGGGCGGUGAUUCGGGAAUUUUUGCGCCCUC";"U";"A";"(((((((..{(((....)))}....)))))))";"(((((((..((((....))))....)))))))";"11";"1";"0";"1";"2305";"1402";"1434";"0,283";"0,271";"0,230";"0,216";"0,364";"0,545";"0,091";"0,500";"-16,50000";"0,608";"+";"0"
"ref(2)P";"CG10360, Dmel\CG10360, dP62, p62, p62/Ref(2)P, p63, ref, ref(2)p, Ref(2)p, Ref(2)P, Ref(2)P/p62, ref(2)Pn, ref(2)Po2, Ref2, ref2p, Ref2p, Ref2P, SQSTM1";"refractory to sigma P";"NM_001014491";"350";"2149";"CDS";"CNGG";"UA";"U";"U";"G";" ";" ";" ";" ";"CGGG";"GAGGGCGGUGAUUCGGGAAUUUUUGCGCCCUC";"U";"A";"(((((((..{(((....)))}....)))))))";"(((((((..((((....))))....)))))))";"11";"1";"0";"1";"2395";"1402";"1434";"0,288";"0,263";"0,227";"0,222";"0,364";"0,545";"0,091";"0,500";"-16,50000";"0,585";"+";"0"
"polo";"0256/04, 1324/08, anon-WO0172774.3, CG12306, Dmel\CG12306, l(3)01673, l(3)77Aa, l(3)S025604, l(3)S132408, Plk1, PLK1, Polo, POLO, Polo kinase, POLO/PLK1";"null";"NM_079455";"657";"2387";"3'UTR";"CNGGNNN";"GC";"U";"G";"U";"A";"U";"A";" ";"CUGGAUA";"UAAUGCUGGAUACAUUA";"U";"U";"(((((.......)))))";"(((((.......)))))";"5";"0";"0";"0";"2980";"2772";"2789";"0,295";"0,233";"0,228";"0,244";"0,800";"0,200";"0,000";"0,529";"-1,91000";"0,930";"+";"0"
"lark";"CG8597, dLARK, Dmel\CG8597, Lark, LARK";"null";"NM_168204";"277";"1335";"5'UTR";"CNGGN";"CG";"G";"C";"C";"A";" ";" ";" ";"CCGGA";"GCCAUGCCCGGAGCCGGC";"C";"A";"(((..((.....)).)))";"(((..((.....)).)))";"5";"0";"0";"1";"1758";"273";"291";"0,248";"0,292";"0,261";"0,199";"0,000";"1,000";"0,000";"0,500";"-5,52000";"0,155";"+";"0"
"NAT1";"CG3845, Dmel\CG3845, dNAT1, l(2)01424, Nat1";"null";"NM_143770";"2161";"4917";"5'UTR";"CNGG";"CG";"A";"C";"A";" ";" ";" ";" ";"CAGG";"CCUCGACGAUCUUACCAGGGUGACUCGUCGUCG";"A";"U";"(..((((((..({((....))}).))))))..)";"(..((((((..((((....)))).))))))..)";"11";"1";"0";"2";"5594";"1107";"1140";"0,292";"0,258";"0,253";"0,196";"0,364";"0,545";"0,091";"0,424";"-13,09000";"0,198";"+";"0"
"NAT1";"CG3845, Dmel\CG3845, dNAT1, l(2)01424, Nat1";"null";"NM_143770";"2161";"4917";"5'UTR";"CNGGNN";"GC";"A";"G";"U";"A";"U";" ";" ";"CUGGAU";"GAUGAACUGUUGAAGCUGGAUCUUAACUCUAUU";"C";"G";"{(({....((({(.(......))})))..}))}";"((((....(((((.(......))))))..))))";"10";"3";"3";"0";"5594";"2061";"2094";"0,292";"0,258";"0,253";"0,196";"0,500";"0,200";"0,300";"0,485";"-2,05000";"0,368";"+";"0"
"NAT1";"CG3845, Dmel\CG3845, dNAT1, l(2)01424, Nat1";"null";"NM_143770";"2161";"4917";"5'UTR";"CNGGNNNN";"UA";"G";"U";"C";"A";"G";"U";"C";"CCGGAGUC";"CGUUGGUCCGGAGUCACCAACG";"A";"G";"(((((((........)))))))";"(((((((........)))))))";"7";"0";"0";"0";"5594";"510";"532";"0,292";"0,258";"0,253";"0,196";"0,429";"0,571";"0,000";"0,500";"-10,51000";"0,091";"+";"0"
"NAT1";"CG3845, Dmel\CG3845, dNAT1, l(2)01424, Nat1";"null";"NM_001038854";"475";"4941";"CDS";"CNGG";"CG";"A";"C";"A";" ";" ";" ";" ";"CAGG";"CCUCGACGAUCUUACCAGGGUGACUCGUCGUCG";"A";"U";"(..((((((..({((....))}).))))))..)";"(..((((((..((((....)))).))))))..)";"11";"1";"0";"2";"5618";"1131";"1164";"0,292";"0,258";"0,254";"0,197";"0,364";"0,545";"0,091";"0,424";"-13,09000";"0,201";"+";"0"
"NAT1";"CG3845, Dmel\CG3845, dNAT1, l(2)01424, Nat1";"null";"NM_165961";"2185";"4941";"5'UTR";"CNGG";"CG";"A";"C";"A";" ";" ";" ";" ";"CAGG";"CCUCGACGAUCUUACCAGGGUGACUCGUCGUCG";"A";"U";"(..((((((..({((....))}).))))))..)";"(..((((((..((((....)))).))))))..)";"11";"1";"0";"2";"5618";"1131";"1164";"0,292";"0,258";"0,254";"0,197";"0,364";"0,545";"0,091";"0,424";"-13,09000";"0,201";"+";"0"
"NAT1";"CG3845, Dmel\CG3845, dNAT1, l(2)01424, Nat1";"null";"NM_001038854";"475";"4941";"CDS";"CNGGNN";"GC";"A";"G";"U";"A";"U";" ";" ";"CUGGAU";"GAUGAACUGUUGAAGCUGGAUCUUAACUCUAUU";"C";"G";"{(({....((({(.(......))})))..}))}";"((((....(((((.(......))))))..))))";"10";"3";"3";"0";"5618";"2085";"2118";"0,292";"0,258";"0,254";"0,197";"0,500";"0,200";"0,300";"0,485";"-2,05000";"0,371";"+";"0"
"NAT1";"CG3845, Dmel\CG3845, dNAT1, l(2)01424, Nat1";"null";"NM_165961";"2185";"4941";"5'UTR";"CNGGNN";"GC";"A";"G";"U";"A";"U";" ";" ";"CUGGAU";"GAUGAACUGUUGAAGCUGGAUCUUAACUCUAUU";"C";"G";"{(({....((({(.(......))})))..}))}";"((((....(((((.(......))))))..))))";"10";"3";"3";"0";"5618";"2085";"2118";"0,292";"0,258";"0,254";"0,197";"0,500";"0,200";"0,300";"0,485";"-2,05000";"0,371";"+";"0"
"NAT1";"CG3845, Dmel\CG3845, dNAT1, l(2)01424, Nat1";"null";"NM_001038854";"475";"4941";"CDS";"CNGGNNNN";"UA";"G";"U";"C";"A";"G";"U";"C";"CCGGAGUC";"CGUUGGUCCGGAGUCACCAACG";"A";"G";"(((((((........)))))))";"(((((((........)))))))";"7";"0";"0";"0";"5618";"534";"556";"0,292";"0,258";"0,254";"0,197";"0,429";"0,571";"0,000";"0,500";"-10,51000";"0,095";"+";"0"
"NAT1";"CG3845, Dmel\CG3845, dNAT1, l(2)01424, Nat1";"null";"NM_165961";"2185";"4941";"5'UTR";"CNGGNNNN";"UA";"G";"U";"C";"A";"G";"U";"C";"CCGGAGUC";"CGUUGGUCCGGAGUCACCAACG";"A";"G";"(((((((........)))))))";"(((((((........)))))))";"7";"0";"0";"0";"5618";"534";"556";"0,292";"0,258";"0,254";"0,197";"0,429";"0,571";"0,000";"0,500";"-10,51000";"0,095";"+";"0"
"RpL5";"CG17489, Dmel\CG17489, dRPL5, E-2d, L5, M(2)40B, Rp L5, Rpl5, yip6";"Ribosomal protein L5, Annotated by Drosophila Heterochromatin Genome Project, Lawrence Berkeley National Lab, http://www.dhgp.org";"NM_001042922";"112";"1011";"CDS";"CNGGNN";"AU";"G";"A";"U";"A";"C";" ";" ";"CUGGAC";"CUUAACAAGUUGGGACUGGACUCCCUAUAUGCAG";"C";"G";"((...((.{(.((((......)))).)}.)).))";"((...((.((.((((......)))).)).)).))";"10";"1";"0";"3";"1079";"438";"472";"0,274";"0,219";"0,242";"0,265";"0,400";"0,500";"0,100";"0,500";"-7,60000";"0,406";"+";"0"
"RpL5";"CG17489, Dmel\CG17489, dRPL5, E-2d, L5, M(2)40B, Rp L5, Rpl5, yip6";"Ribosomal protein L5, Annotated by Drosophila Heterochromatin Genome Project, Lawrence Berkeley National Lab, http://www.dhgp.org";"NM_001042923";"57";"956";"CDS";"CNGGNN";"AU";"G";"A";"U";"A";"C";" ";" ";"CUGGAC";"CUUAACAAGUUGGGACUGGACUCCCUAUAUGCAG";"C";"G";"((...((.{(.((((......)))).)}.)).))";"((...((.((.((((......)))).)).)).))";"10";"1";"0";"3";"1024";"383";"417";"0,273";"0,225";"0,249";"0,253";"0,400";"0,500";"0,100";"0,500";"-7,60000";"0,374";"+";"0"
"RpL5";"CG17489, Dmel\CG17489, dRPL5, E-2d, L5, M(2)40B, Rp L5, Rpl5, yip6";"Ribosomal protein L5, Annotated by Drosophila Heterochromatin Genome Project, Lawrence Berkeley National Lab, http://www.dhgp.org";"NM_001042925";"94";"993";"CDS";"CNGGNN";"AU";"G";"A";"U";"A";"C";" ";" ";"CUGGAC";"CUUAACAAGUUGGGACUGGACUCCCUAUAUGCAG";"C";"G";"((...((.{(.((((......)))).)}.)).))";"((...((.((.((((......)))).)).)).))";"10";"1";"0";"3";"1945";"420";"454";"0,298";"0,224";"0,208";"0,270";"0,400";"0,500";"0,100";"0,500";"-7,60000";"0,216";"+";"0"
"RpL5";"CG17489, Dmel\CG17489, dRPL5, E-2d, L5, M(2)40B, Rp L5, Rpl5, yip6";"Ribosomal protein L5, Annotated by Drosophila Heterochromatin Genome Project, Lawrence Berkeley National Lab, http://www.dhgp.org";"NM_001042926";"346";"1245";"CDS";"CNGGNN";"AU";"G";"A";"U";"A";"C";" ";" ";"CUGGAC";"CUUAACAAGUUGGGACUGGACUCCCUAUAUGCAG";"C";"G";"((...((.{(.((((......)))).)}.)).))";"((...((.((.((((......)))).)).)).))";"10";"1";"0";"3";"3835";"672";"706";"0,278";"0,226";"0,197";"0,299";"0,400";"0,500";"0,100";"0,500";"-7,60000";"0,175";"+";"0"
"SmD2";"BcDNA:LD03002, CG1249, D2-Sm, dD2, Dmel\CG1249, SMD2_DROME, snRNP D2, snRNP2";"Small ribonucleoprotein particle protein SmD2";"NM_141388";"140";"499";"CDS";"CNGGN";"CG";"C";"C";"C";"A";" ";" ";" ";"CCGGA";"AGCUGACCCCGGAGGAGCU";"G";"G";"((((..((.....))))))";"((((..((.....))))))";"6";"0";"1";"0";"778";"164";"183";"0,323";"0,233";"0,225";"0,220";"0,333";"0,667";"0,000";"0,579";"-3,86000";"0,211";"+";"0"
"capt";"Acap, acu, BcDNA:LD24380, cap, Cap, CAP, capping protein, Capt, Capulet, CG33979, CG5061, CG5074, CP, cyclase-associated protein, Dcap, Dmel\CG33979, l(2)06955, punc";"capulet";"NM_001038780";"412";"1686";"CDS";"CNGGNN";"AU";"C";"A";"G";"C";"U";" ";" ";"CGGGCU";"CCACACCACGGGCUUGGUGUGG";"A";"U";"((((((((......))))))))";"((((((((......))))))))";"8";"0";"0";"0";"2040";"887";"909";"0,236";"0,291";"0,263";"0,210";"0,375";"0,625";"0,000";"0,500";"-15,22000";"0,435";"+";"0"
"whd";"BEST:GH27794, CG12891, cpt1, Cpt1, CPT1, CPTI, dCPT1, Dmel\CG12891, gh27794";"withered";"NM_165777";"269";"2611";"CDS";"CNGG";"UA";"C";"U";"A";" ";" ";" ";" ";"CAGG";"GAACUCAGGAGUUC";"G";"G";"(((((....)))))";"(((((....)))))";"5";"0";"0";"0";"2901";"363";"377";"0,237";"0,270";"0,249";"0,244";"0,600";"0,400";"0,000";"0,571";"-4,44000";"0,125";"+";"0"
"whd";"BEST:GH27794, CG12891, cpt1, Cpt1, CPT1, CPTI, dCPT1, Dmel\CG12891, gh27794";"withered";"NM_078961";"250";"2592";"CDS";"CNGG";"UA";"C";"U";"A";" ";" ";" ";" ";"CAGG";"GAACUCAGGAGUUC";"G";"G";"(((((....)))))";"(((((....)))))";"5";"0";"0";"0";"2882";"344";"358";"0,228";"0,268";"0,249";"0,255";"0,600";"0,400";"0,000";"0,571";"-4,44000";"0,119";"+";"0"
"capt";"Acap, acu, BcDNA:LD24380, cap, Cap, CAP, capping protein, Capt, Capulet, CG33979, CG5061, CG5074, CP, cyclase-associated protein, Dcap, Dmel\CG33979, l(2)06955, punc";"capulet";"NM_001272927";"794";"2068";"CDS";"CNGGNN";"AU";"C";"A";"G";"C";"U";" ";" ";"CGGGCU";"CCACACCACGGGCUUGGUGUGG";"A";"U";"((((((((......))))))))";"((((((((......))))))))";"8";"0";"0";"0";"2422";"1269";"1291";"0,240";"0,282";"0,275";"0,203";"0,375";"0,625";"0,000";"0,500";"-15,22000";"0,524";"+";"0"
"capt";"Acap, acu, BcDNA:LD24380, cap, Cap, CAP, capping protein, Capt, Capulet, CG33979, CG5061, CG5074, CP, cyclase-associated protein, Dcap, Dmel\CG33979, l(2)06955, punc";"capulet";"NM_001038781";"344";"2695";"CDS";"CNGGNN";"AU";"C";"A";"G";"C";"U";" ";" ";"CGGGCU";"CCACACCACGGGCUUGGUGUGG";"A";"U";"((((((((......))))))))";"((((((((......))))))))";"8";"0";"0";"0";"3049";"1896";"1918";"0,235";"0,295";"0,278";"0,192";"0,375";"0,625";"0,000";"0,500";"-15,22000";"0,622";"+";"0"
"RpL23";"CG3661, Dmel\CG3661, L17, L23, RL17, Rpl17A, RpL17A, RPL17A, rpl23, TA01212p";"Ribosomal protein L23";"NM_079089";"68";"490";"CDS";"CNGGNNNN";"UA";"C";"U";"A";"A";"A";"G";"A";"CAGGAAGA";"GAGCUCAGGAAGAAGGUC";"C";"A";"((.((........)).))";"((.((........)).))";"4";"0";"0";"1";"542";"277";"295";"0,242";"0,260";"0,290";"0,208";"0,500";"0,500";"0,000";"0,722";"-3,02000";"0,511";"+";"0"
"Tl";"CG5490, CT17414, Dmel\CG5490, dToll, dToll1, EP(3)1051, EP1051, Fs(1)Tl, Fs(3)Tl, mat(3)9, mel(3)10, mel(3)9, T1, tl, TL, TOL, toll, TOLL, toll-1, Toll-1, Toll1";"Toll";"NM_170287";"649";"3942";"CDS";"CNGGNN";"AU";"A";"A";"C";"C";"A";" ";" ";"CCGGCA";"UUGCUAACCGGCAUUAGCGG";"U";"C";"{{(((((......)))))}}";"(((((((......)))))))";"7";"2";"0";"0";"4710";"1848";"1868";"0,280";"0,243";"0,239";"0,238";"0,429";"0,286";"0,286";"0,500";"-6,34000";"0,392";"+";"0"
"Tl";"CG5490, CT17414, Dmel\CG5490, dToll, dToll1, EP(3)1051, EP1051, Fs(1)Tl, Fs(3)Tl, mat(3)9, mel(3)10, mel(3)9, T1, tl, TL, TOL, toll, TOLL, toll-1, Toll-1, Toll1";"Toll";"NM_001276066";"580";"3933";"CDS";"CNGGNN";"AU";"A";"A";"C";"C";"A";" ";" ";"CCGGCA";"UUGCUAACCGGCAUUAGCGG";"U";"C";"{{(((((......)))))}}";"(((((((......)))))))";"7";"2";"0";"0";"5129";"1779";"1799";"0,288";"0,240";"0,229";"0,243";"0,429";"0,286";"0,286";"0,500";"-6,34000";"0,347";"+";"0"
"Tl";"CG5490, CT17414, Dmel\CG5490, dToll, dToll1, EP(3)1051, EP1051, Fs(1)Tl, Fs(3)Tl, mat(3)9, mel(3)10, mel(3)9, T1, tl, TL, TOL, toll, TOLL, toll-1, Toll-1, Toll1";"Toll";"NM_079794";"580";"3873";"CDS";"CNGGNN";"AU";"A";"A";"C";"C";"A";" ";" ";"CCGGCA";"UUGCUAACCGGCAUUAGCGG";"U";"C";"{{(((((......)))))}}";"(((((((......)))))))";"7";"2";"0";"0";"5129";"1779";"1799";"0,288";"0,240";"0,229";"0,243";"0,429";"0,286";"0,286";"0,500";"-6,34000";"0,347";"+";"0"
"CG5554";"Dmel\CG5554";"null";"NM_137994";"159";"1130";"CDS";"CNGG";"UA";"G";"U";"A";" ";" ";" ";" ";"CAGG";"GCGCAGUCAGGACUGCAGC";"A";"C";"(((((((....))))).))";"(((((((....))))).))";"7";"0";"1";"0";"1565";"239";"258";"0,258";"0,271";"0,263";"0,208";"0,286";"0,714";"0,000";"0,579";"-9,29000";"0,153";"+";"0"
"CG5554";"Dmel\CG5554";"null";"NM_001299855";"159";"1151";"CDS";"CNGG";"UA";"G";"U";"A";" ";" ";" ";" ";"CAGG";"GCGCAGUCAGGACUGCAGC";"A";"C";"(((((((....))))).))";"(((((((....))))).))";"7";"0";"1";"0";"1586";"239";"258";"0,260";"0,270";"0,260";"0,209";"0,286";"0,714";"0,000";"0,579";"-9,29000";"0,151";"+";"0"
"CG45093";"Dmel\CG45093";"null";"NM_001299238";"2414";"2752";"5'UTR";"CNGGN";"GC";"U";"G";"G";"A";" ";" ";" ";"CGGGA";"CAGUUUACACUAGUGCGGGACACUAGACGGAGCCG";"U";"A";"(.({({...((((((.....))))))...})}).)";"(.((((...((((((.....))))))...)))).)";"11";"2";"0";"2";"5320";"405";"440";"0,319";"0,235";"0,212";"0,234";"0,364";"0,455";"0,182";"0,571";"-11,74000";"0,076";"+";"0"
"eEF1alpha1";"0248, 1275, anon-EST:Liang-1.17, anon-EST:Liang-2.46, CG8280, chr2R:7409490..7409690, chr2R:7410009..7410129, clone 1.17, clone 2.46, Dm0084, DmEF1, Dmel\CG8280, eEF1alpha, EF, EF-1, EF-1a, ef-1alpha, EF-1alpha, EF-1alpha F1, EF-1alphaF, EF-1alphaF1, EF-1alphaF[[1]], EF-1[a], Ef1, EF1-alpha, EF11_DROME, EF1A1, Ef1a10, Ef1a48D, EF1alpha, Ef1alpha 48D, EF1alpha 48D, Ef1alpha1, EF1alpha1, Ef1alpha48D, EF1alpha48D, Ef1alpha48E, Efalpha48D, F1, F1 EF-1alpha, l(2)00248, l(2)01275, l(2)1275, l(2)248, l(2)k07303";"eukaryotic translation elongation factor 1 alpha 1";"NM_001299392";"34";"1425";"CDS";"CNGGN";"GU";"A";"G";"U";"U";" ";" ";" ";"CUGGU";"GAAGUAGCUGGUUUGCUUC";"A";"C";"(((({({.....})}))))";"(((((((.....)))))))";"7";"2";"0";"0";"1979";"1418";"1437";"0,263";"0,274";"0,250";"0,212";"0,429";"0,286";"0,286";"0,474";"-6,51000";"0,717";"+";"0"
"eEF1alpha1";"0248, 1275, anon-EST:Liang-1.17, anon-EST:Liang-2.46, CG8280, chr2R:7409490..7409690, chr2R:7410009..7410129, clone 1.17, clone 2.46, Dm0084, DmEF1, Dmel\CG8280, eEF1alpha, EF, EF-1, EF-1a, ef-1alpha, EF-1alpha, EF-1alpha F1, EF-1alphaF, EF-1alphaF1, EF-1alphaF[[1]], EF-1[a], Ef1, EF1-alpha, EF11_DROME, EF1A1, Ef1a10, Ef1a48D, EF1alpha, Ef1alpha 48D, EF1alpha 48D, Ef1alpha1, EF1alpha1, Ef1alpha48D, EF1alpha48D, Ef1alpha48E, Efalpha48D, F1, F1 EF-1alpha, l(2)00248, l(2)01275, l(2)1275, l(2)248, l(2)k07303";"eukaryotic translation elongation factor 1 alpha 1";"NM_058027";"84";"1475";"CDS";"CNGGN";"GU";"A";"G";"U";"U";" ";" ";" ";"CUGGU";"GAAGUAGCUGGUUUGCUUC";"A";"C";"(((({({.....})}))))";"(((((((.....)))))))";"7";"2";"0";"0";"2029";"1468";"1487";"0,259";"0,274";"0,249";"0,218";"0,429";"0,286";"0,286";"0,474";"-6,51000";"0,724";"+";"0"
"eEF1alpha1";"0248, 1275, anon-EST:Liang-1.17, anon-EST:Liang-2.46, CG8280, chr2R:7409490..7409690, chr2R:7410009..7410129, clone 1.17, clone 2.46, Dm0084, DmEF1, Dmel\CG8280, eEF1alpha, EF, EF-1, EF-1a, ef-1alpha, EF-1alpha, EF-1alpha F1, EF-1alphaF, EF-1alphaF1, EF-1alphaF[[1]], EF-1[a], Ef1, EF1-alpha, EF11_DROME, EF1A1, Ef1a10, Ef1a48D, EF1alpha, Ef1alpha 48D, EF1alpha 48D, Ef1alpha1, EF1alpha1, Ef1alpha48D, EF1alpha48D, Ef1alpha48E, Efalpha48D, F1, F1 EF-1alpha, l(2)00248, l(2)01275, l(2)1275, l(2)248, l(2)k07303";"eukaryotic translation elongation factor 1 alpha 1";"NM_001299393";"131";"1522";"CDS";"CNGGN";"GU";"A";"G";"U";"U";" ";" ";" ";"CUGGU";"GAAGUAGCUGGUUUGCUUC";"A";"C";"(((({({.....})}))))";"(((((((.....)))))))";"7";"2";"0";"0";"2076";"1515";"1534";"0,269";"0,266";"0,244";"0,222";"0,429";"0,286";"0,286";"0,474";"-6,51000";"0,730";"+";"0"
"eEF1alpha1";"0248, 1275, anon-EST:Liang-1.17, anon-EST:Liang-2.46, CG8280, chr2R:7409490..7409690, chr2R:7410009..7410129, clone 1.17, clone 2.46, Dm0084, DmEF1, Dmel\CG8280, eEF1alpha, EF, EF-1, EF-1a, ef-1alpha, EF-1alpha, EF-1alpha F1, EF-1alphaF, EF-1alphaF1, EF-1alphaF[[1]], EF-1[a], Ef1, EF1-alpha, EF11_DROME, EF1A1, Ef1a10, Ef1a48D, EF1alpha, Ef1alpha 48D, EF1alpha 48D, Ef1alpha1, EF1alpha1, Ef1alpha48D, EF1alpha48D, Ef1alpha48E, Efalpha48D, F1, F1 EF-1alpha, l(2)00248, l(2)01275, l(2)1275, l(2)248, l(2)k07303";"eukaryotic translation elongation factor 1 alpha 1";"NM_165850";"91";"1482";"CDS";"CNGGN";"GU";"A";"G";"U";"U";" ";" ";" ";"CUGGU";"GAAGUAGCUGGUUUGCUUC";"A";"C";"(((({({.....})}))))";"(((((((.....)))))))";"7";"2";"0";"0";"2278";"1475";"1494";"0,278";"0,265";"0,236";"0,221";"0,429";"0,286";"0,286";"0,474";"-6,51000";"0,647";"+";"0"
"eEF1alpha1";"0248, 1275, anon-EST:Liang-1.17, anon-EST:Liang-2.46, CG8280, chr2R:7409490..7409690, chr2R:7410009..7410129, clone 1.17, clone 2.46, Dm0084, DmEF1, Dmel\CG8280, eEF1alpha, EF, EF-1, EF-1a, ef-1alpha, EF-1alpha, EF-1alpha F1, EF-1alphaF, EF-1alphaF1, EF-1alphaF[[1]], EF-1[a], Ef1, EF1-alpha, EF11_DROME, EF1A1, Ef1a10, Ef1a48D, EF1alpha, Ef1alpha 48D, EF1alpha 48D, Ef1alpha1, EF1alpha1, Ef1alpha48D, EF1alpha48D, Ef1alpha48E, Efalpha48D, F1, F1 EF-1alpha, l(2)00248, l(2)01275, l(2)1275, l(2)248, l(2)k07303";"eukaryotic translation elongation factor 1 alpha 1";"NM_165850";"91";"1482";"CDS";"CNGGNN";"UA";"U";"U";"C";"U";"A";" ";" ";"CCGGUA";"GUCGAUUCCGGUAAGUCGAC";"C";"C";"((((({(......)})))))";"(((((((......)))))))";"7";"1";"0";"0";"2278";"135";"155";"0,278";"0,265";"0,236";"0,221";"0,429";"0,429";"0,143";"0,500";"-9,26000";"0,059";"+";"0"
"Top2";"CG10223, CHRAC, dCHRAC, Dmel\CG10223, dmTopoII, dTopoII, suo, top2, TOP2, TopII, topo 2, topo II, Topo II, TOPO II, topoII, TopoII, TOPOII";"Topoisomerase 2";"NM_057412";"271";"4614";"CDS";"CNGGNNNN";"UG";"A";"U";"C";"A";"U";"C";"A";"CCGGAUCA";"UGGCCCAGCUAUCCGGAUCAGUGGCGGAGAUGUCA";"G";"G";"(({(((.(({({........})}))))....)}))";"((((((.(((((........)))))))....))))";"11";"3";"2";"0";"4934";"2440";"2475";"0,290";"0,224";"0,267";"0,218";"0,182";"0,545";"0,273";"0,543";"-9,84000";"0,495";"+";"0"
"Top2";"CG10223, CHRAC, dCHRAC, Dmel\CG10223, dmTopoII, dTopoII, suo, top2, TOP2, TopII, topo 2, topo II, Topo II, TOPO II, topoII, TopoII, TOPOII";"Topoisomerase 2";"NM_001273651";"526";"4869";"CDS";"CNGGNNNN";"UG";"A";"U";"C";"A";"U";"C";"A";"CCGGAUCA";"UGGCCCAGCUAUCCGGAUCAGUGGCGGAGAUGUCA";"G";"G";"(({(((.(({({........})}))))....)}))";"((((((.(((((........)))))))....))))";"11";"3";"2";"0";"5242";"2695";"2730";"0,288";"0,225";"0,262";"0,225";"0,182";"0,545";"0,273";"0,543";"-9,84000";"0,514";"+";"0"
"feo";"CG11207, Dmel\CG11207, EA86, Feo, l(1)9Fe, l(1)BP1, PRC1, Q54";"fascetto";"NM_132430";"266";"2281";"CDS";"CNGGNN";"GU";"U";"G";"A";"C";"A";" ";" ";"CAGGCA";"CUGGUGCAGGCAUACGAG";"A";"G";"((.(({......})).))";"((.(((......))).))";"5";"1";"0";"1";"2424";"1492";"1510";"0,259";"0,290";"0,275";"0,176";"0,400";"0,400";"0,200";"0,611";"-3,52000";"0,616";"+";"0"
"ago";"Ago, anon-WO0118547.345, cdc4, CG15010, Dmel\CG15010, DmFbw7, FBXW3, FBXW7, SCF[Ago]";"archipelago";"NM_168072";"110";"4090";"CDS";"CNGGN";"CG";"G";"C";"A";"A";" ";" ";" ";"CAGGA";"GCGCCAGGAGUGC";"A";"C";"(({(.....)}))";"((((.....))))";"4";"1";"0";"0";"5223";"3537";"3550";"0,245";"0,256";"0,270";"0,230";"0,000";"0,750";"0,250";"0,615";"-4,78000";"0,677";"+";"0"
"ago";"Ago, anon-WO0118547.345, cdc4, CG15010, Dmel\CG15010, DmFbw7, FBXW3, FBXW7, SCF[Ago]";"archipelago";"NM_168073";"155";"4135";"CDS";"CNGGNN";"UA";"C";"U";"A";"A";"A";" ";" ";"CAGGAA";"GAUCGCAGACCUCUCAGGAAAGUGGUUGCAGUC";"G";"G";"(({.(((.(((.((......)).)))))).}))";"(((.(((.(((.((......)).)))))).)))";"11";"1";"3";"1";"5268";"1769";"1802";"0,247";"0,256";"0,269";"0,229";"0,364";"0,545";"0,091";"0,545";"-12,10000";"0,336";"+";"0"
"ago";"Ago, anon-WO0118547.345, cdc4, CG15010, Dmel\CG15010, DmFbw7, FBXW3, FBXW7, SCF[Ago]";"archipelago";"NM_079198";"219";"4199";"CDS";"CNGGNN";"UA";"C";"U";"A";"A";"A";" ";" ";"CAGGAA";"GAUCGCAGACCUCUCAGGAAAGUGGUUGCAGUC";"G";"G";"(({.(((.(((.((......)).)))))).}))";"(((.(((.(((.((......)).)))))).)))";"11";"1";"3";"1";"5332";"1833";"1866";"0,248";"0,256";"0,267";"0,229";"0,364";"0,545";"0,091";"0,545";"-12,10000";"0,344";"+";"0"
"CG9281";"BEST:LD38280, Dmel\CG9281";"null";"NM_001298355";"243";"2078";"CDS";"CNGGN";"GC";"U";"G";"A";"A";" ";" ";" ";"CAGGA";"GGCUCCGAGCUGCUGCAGGACACCAUGCUGGAGUU";"U";"G";"{{((((.(((((.((.....)).)).)))))))}}";"((((((.(((((.((.....)).)).)))))))))";"13";"2";"2";"1";"2565";"494";"529";"0,255";"0,270";"0,265";"0,210";"0,308";"0,538";"0,154";"0,514";"-14,88000";"0,193";"+";"0"
"CG9281";"BEST:LD38280, Dmel\CG9281";"null";"NM_167458";"71";"1906";"CDS";"CNGGN";"GC";"U";"G";"A";"A";" ";" ";" ";"CAGGA";"GGCUCCGAGCUGCUGCAGGACACCAUGCUGGAGUU";"U";"G";"{{((((.(((((.((.....)).)).)))))))}}";"((((((.(((((.((.....)).)).)))))))))";"13";"2";"2";"1";"3033";"322";"357";"0,297";"0,239";"0,242";"0,222";"0,308";"0,538";"0,154";"0,514";"-14,88000";"0,106";"+";"0"
"CG9281";"BEST:LD38280, Dmel\CG9281";"null";"NM_132829";"243";"2078";"CDS";"CNGGN";"GC";"U";"G";"A";"A";" ";" ";" ";"CAGGA";"GGCUCCGAGCUGCUGCAGGACACCAUGCUGGAGUU";"U";"G";"{{((((.(((((.((.....)).)).)))))))}}";"((((((.(((((.((.....)).)).)))))))))";"13";"2";"2";"1";"3205";"494";"529";"0,287";"0,244";"0,243";"0,225";"0,308";"0,538";"0,154";"0,514";"-14,88000";"0,154";"+";"0"
"Chc";"CG9012, chc, CHC, chc1, Cla, Clh, CLH, D-Chc, dCHC, Dmel\CG9012, l(1)13Fb, l(1)G0438, l(1)VI";"Clathrin heavy chain";"NM_001103524";"255";"5291";"CDS";"CNGGNNNN";"CG";"U";"C";"U";"C";"C";"A";"U";"CUGGCCAU";"GCCGUCCUGGCCAUGAUGGC";"C";"U";"((({((........))})))";"((((((........))))))";"6";"1";"0";"0";"5577";"4376";"4396";"0,260";"0,250";"0,251";"0,239";"0,167";"0,667";"0,167";"0,450";"-10,17000";"0,785";"+";"0"
"Chc";"CG9012, chc, CHC, chc1, Cla, Clh, CLH, D-Chc, dCHC, Dmel\CG9012, l(1)13Fb, l(1)G0438, l(1)VI";"Clathrin heavy chain";"NM_001103523";"361";"5397";"CDS";"CNGGNNNN";"CG";"U";"C";"U";"C";"C";"A";"U";"CUGGCCAU";"GCCGUCCUGGCCAUGAUGGC";"C";"U";"((({((........))})))";"((((((........))))))";"6";"1";"0";"0";"5683";"4482";"4502";"0,261";"0,249";"0,250";"0,240";"0,167";"0,667";"0,167";"0,450";"-10,17000";"0,789";"+";"0"
"Chc";"CG9012, chc, CHC, chc1, Cla, Clh, CLH, D-Chc, dCHC, Dmel\CG9012, l(1)13Fb, l(1)G0438, l(1)VI";"Clathrin heavy chain";"NM_057694";"374";"5410";"CDS";"CNGGNNNN";"CG";"U";"C";"U";"C";"C";"A";"U";"CUGGCCAU";"GCCGUCCUGGCCAUGAUGGC";"C";"U";"((({((........))})))";"((((((........))))))";"6";"1";"0";"0";"5696";"4495";"4515";"0,261";"0,249";"0,250";"0,241";"0,167";"0,667";"0,167";"0,450";"-10,17000";"0,789";"+";"0"
"Chc";"CG9012, chc, CHC, chc1, Cla, Clh, CLH, D-Chc, dCHC, Dmel\CG9012, l(1)13Fb, l(1)G0438, l(1)VI";"Clathrin heavy chain";"NM_206729";"412";"5448";"CDS";"CNGGNNNN";"CG";"U";"C";"U";"C";"C";"A";"U";"CUGGCCAU";"GCCGUCCUGGCCAUGAUGGC";"C";"U";"((({((........))})))";"((((((........))))))";"6";"1";"0";"0";"5734";"4533";"4553";"0,261";"0,248";"0,249";"0,242";"0,167";"0,667";"0,167";"0,450";"-10,17000";"0,791";"+";"0"
"Chc";"CG9012, chc, CHC, chc1, Cla, Clh, CLH, D-Chc, dCHC, Dmel\CG9012, l(1)13Fb, l(1)G0438, l(1)VI";"Clathrin heavy chain";"NM_001298371";"466";"5502";"CDS";"CNGGNNNN";"CG";"U";"C";"U";"C";"C";"A";"U";"CUGGCCAU";"GCCGUCCUGGCCAUGAUGGC";"C";"U";"((({((........))})))";"((((((........))))))";"6";"1";"0";"0";"5788";"4587";"4607";"0,262";"0,247";"0,250";"0,241";"0,167";"0,667";"0,167";"0,450";"-10,17000";"0,793";"+";"0"
"CG8173";"Dmel\CG8173";"null";"NM_133011";"213";"1409";"CDS";"CNGGNNNN";"AU";"C";"A";"U";"C";"A";"C";"U";"CUGGCACU";"GAGGGCAUCAACACACUGGCACUUGAAAUGUGCACCAC";"C";"U";"(.(((((.((...((........))...))))).)).)";"(.(((((.((...((........))...))))).)).)";"10";"0";"2";"2";"1643";"524";"562";"0,286";"0,244";"0,237";"0,233";"0,300";"0,700";"0,000";"0,553";"-7,63000";"0,319";"+";"0"
"Ubqn";"anon-18DEa, BEST:LD26923, CG14224, Chap, clone 5.42, Dmel\CG14224, dsk2, Dsk2, DSK2, dUbqln, dUbqn, UBQLN homolog, UBQLN1, ubqn";"Ubiquilin";"NM_001298528";"194";"1837";"3'UTR";"CNGG";"GC";"G";"G";"U";" ";" ";" ";" ";"CUGG";"CGGCCGGCUGGCUGGCUGGCCGGCUGGCUGGCUG";"U";"G";"({((({(({{(({((....))}))}}))})))})";"(((((((((((((((....)))))))))))))))";"15";"5";"0";"0";"3429";"3277";"3311";"0,281";"0,255";"0,245";"0,219";"0,000";"0,667";"0,333";"0,500";"-32,31000";"0,956";"+";"0"
"Chc";"CG9012, chc, CHC, chc1, Cla, Clh, CLH, D-Chc, dCHC, Dmel\CG9012, l(1)13Fb, l(1)G0438, l(1)VI";"Clathrin heavy chain";"NM_206728";"471";"5507";"CDS";"CNGGNNNN";"CG";"U";"C";"U";"C";"C";"A";"U";"CUGGCCAU";"GCCGUCCUGGCCAUGAUGGC";"C";"U";"((({((........))})))";"((((((........))))))";"6";"1";"0";"0";"5793";"4592";"4612";"0,262";"0,247";"0,249";"0,242";"0,167";"0,667";"0,167";"0,450";"-10,17000";"0,793";"+";"0"
"Chc";"CG9012, chc, CHC, chc1, Cla, Clh, CLH, D-Chc, dCHC, Dmel\CG9012, l(1)13Fb, l(1)G0438, l(1)VI";"Clathrin heavy chain";"NM_167466";"331";"5367";"CDS";"CNGGNNNN";"CG";"U";"C";"U";"C";"C";"A";"U";"CUGGCCAU";"GCCGUCCUGGCCAUGAUGGC";"C";"U";"((({((........))})))";"((((((........))))))";"6";"1";"0";"0";"5653";"4452";"4472";"0,262";"0,250";"0,250";"0,238";"0,167";"0,667";"0,167";"0,450";"-10,17000";"0,788";"+";"0"
"Tao";"AAF48973, CG14217, Dmel\CG14217, dTao-1, MARKK, tao, tao-1, Tao-1, tao1, Tao1, TAO1";"null";"NM_167665";"154";"3273";"CDS";"CNGG";"GC";"U";"G";"C";" ";" ";" ";" ";"CCGG";"GGUGGUGCCGGCACCAGC";"C";"G";"(.(((((....))))).)";"(.(((((....))))).)";"6";"0";"0";"1";"3685";"1523";"1541";"0,286";"0,274";"0,278";"0,162";"0,333";"0,667";"0,000";"0,556";"-9,63000";"0,413";"+";"0"
"Mcm7";"anon-EST:Liang-1.66, CG4978, clone 1.66, dMcm7, Dmel\CG4978, DmeMCM7, DmMCM7, mcm7, McM7, MCM7, Mcp-PCR1, PCR1";"Minichromosome maintenance 7";"NM_079260";"154";"2316";"CDS";"CNGGNN";"UA";"C";"U";"U";"A";"A";" ";" ";"CUGGAA";"UGGCUGGCUCUGGAAAGGCAGUCA";"C";"A";"(({(((.((......)).)))}))";"((((((.((......)).))))))";"8";"1";"0";"1";"2451";"2158";"2182";"0,251";"0,257";"0,262";"0,230";"0,375";"0,500";"0,125";"0,583";"-12,28000";"0,880";"+";"0"
"Uba2";"CG7528, Dmel\CG7528, DmSae2, DmSAE2, Dmuba2, DmUba2, dUba2, L36, Sae2, SAE2, sip2, uba2, UBA2, Ubc2";"Ubiquitin activating enzyme 2";"NM_080017";"115";"2217";"CDS";"CNGGNNNN";"CG";"U";"C";"U";"U";"U";"A";"A";"CUGGUUAA";"GCGUGACGAGGUCCUGGUUAAGACGCUCAACAUGU";"U";"U";"{({((..((((((........))).)))..))})}";"(((((..((((((........))).)))..)))))";"11";"2";"3";"0";"2329";"1550";"1585";"0,278";"0,241";"0,261";"0,219";"0,273";"0,545";"0,182";"0,543";"-13,73000";"0,666";"+";"0"
"Uba2";"CG7528, Dmel\CG7528, DmSae2, DmSAE2, Dmuba2, DmUba2, dUba2, L36, Sae2, SAE2, sip2, uba2, UBA2, Ubc2";"Ubiquitin activating enzyme 2";"NM_080017";"115";"2217";"CDS";"CNGGNNNNN";"GC";"G";"G";"G";"A";"A";"U";"U";"CGGGAAUUU";"GCGAUUACGGCGGGAAUUUCCGUGAUGC";"U";"G";"((.(({((((.........))))}))))";"((.(((((((.........)))))))))";"9";"1";"1";"0";"2329";"1329";"1357";"0,278";"0,241";"0,261";"0,219";"0,333";"0,556";"0,111";"0,536";"-10,76000";"0,571";"+";"0"
"msk";"61, CG7935, CIP-61, dim-7, Dim-7, DIM-7, dim7, Dim7, Dmel\CG7935, DmRanBP7, Imp7, Imp7/8, importin beta, Msk, S(ls)2";"moleskin";"NM_080041";"262";"3411";"CDS";"CNGGNNNN";"GC";"U";"G";"U";"A";"G";"C";"U";"CUGGAGCU";"AGAUGCUGGAGCUCAUCU";"C";"A";"(((((........)))))";"(((((........)))))";"5";"0";"0";"0";"3979";"2275";"2293";"0,270";"0,254";"0,249";"0,228";"0,600";"0,400";"0,000";"0,500";"-4,01000";"0,572";"+";"0"
